﻿<parameters>
  <parameter name="IIS Web Application Name" defaultValue="IssueManagemanetSystem" tags="IisApp">
    <parameterEntry kind="ProviderPath" scope="IisApp" match="^G:\\projects\\IMS\\IssuemanagemetSystem_flintec\\IssueManagementSystem\\IssueManagementSystem\\obj\\Release\\Package\\PackageTmp$" />
    <parameterEntry kind="ProviderPath" scope="setAcl" match="^G:\\projects\\IMS\\IssuemanagemetSystem_flintec\\IssueManagementSystem\\IssueManagementSystem\\obj\\Release\\Package\\PackageTmp$" />
  </parameter>
  <parameter name="ims-Web.config Connection String" defaultValue="Data Source=192.168.1.110;Initial Catalog=issue_management_system;User ID=admin;Password=1234">
    <parameterEntry kind="XmlFile" scope="G:\\projects\\IMS\\IssuemanagemetSystem_flintec\\IssueManagementSystem\\IssueManagementSystem\\obj\\Release\\Package\\PackageTmp\\Web\.config$" match="/configuration/connectionStrings/add[@name='ims']/@connectionString" />
  </parameter>
  <parameter name="issue_management_systemEntities-Web.config Connection String" defaultValue="metadata=res://*/;provider=System.Data.SqlClient;provider connection string=&quot;Data Source=192.168.1.110;Initial Catalog=issue_management_system;User ID=admin;Password=1234&quot;">
    <parameterEntry kind="XmlFile" scope="G:\\projects\\IMS\\IssuemanagemetSystem_flintec\\IssueManagementSystem\\IssueManagementSystem\\obj\\Release\\Package\\PackageTmp\\Web\.config$" match="/configuration/connectionStrings/add[@name='issue_management_systemEntities']/@connectionString" />
  </parameter>
</parameters>